pepsi,pepsi,,
pepsi,pepsi,,
pepsi,pepsi,,
Agro,Agro,pepsi,
pepsi,Agro,,
pepsi,pepsi,pepsi,pepsi
Agro,Agro,,
Agro,pepsi,,
pepsi,Agro,,
Agro,Agro,,
pepsi,pepsi,,
pepsi,pepsi,Agro,Agro
pepsi,Agro,,
pepsi,pepsi,,
Agro,Agro,,
pepsi,pepsi,,
pepsi,pepsi,,
pepsi,Agro,pepsi,
Agro,pepsi,,
pepsi,Agro,,
Agro,pepsi,,
Agro,Agro,,
pepsi,pepsi,,
pepsi,pepsi,pepsi,pepsi
pepsi,pepsi,pepsi,
pepsi,pepsi,,
smallhans,Agro,,
pepsi,pepsi,,
pepsi,pepsi,,
pepsi,Agro,pepsi,
pepsi,pepsi,,
pepsi,pepsi,,
pepsi,pepsi,,
pepsi,pepsi,pepsi,
pepsi,pepsi,,
pepsi,Agro,pepsi,
pepsi,pepsi,,
Agro,pepsi,,
pepsi,pepsi,,
pepsi,pepsi,,
pepsi,smallhans,,
pepsi,pepsi,pepsi,
pepsi,pepsi,,
pepsi,pepsi,,
Agro,Agro,,
pepsi,Agro,,
pepsi,pepsi,,
Agro,Agro,pepsi,
Agro,pepsi,,
pepsi,pepsi,,
pepsi,pepsi,,
pepsi,pepsi,,
pepsi,pepsi,,
Agro,pepsi,,
Agro,pepsi,,
pepsi,pepsi,,
pepsi,pepsi,,
pepsi,pepsi,pepsi,
pepsi,pepsi,pepsi,
Agro,pepsi,,
pepsi,pepsi,pepsi,Agro
pepsi,pepsi,,
Agro,pepsi,,
pepsi,pepsi,,
pepsi,pepsi,pepsi,
Agro,Agro,,
pepsi,pepsi,,
pepsi,pepsi,,
pepsi,pepsi,,
Agro,Agro,,
pepsi,pepsi,,
Agro,Agro,pepsi,
pepsi,pepsi,,
pepsi,pepsi,Agro,pepsi
pepsi,pepsi,,
pepsi,pepsi,,
Agro,pepsi,pepsi,
pepsi,pepsi,pepsi,pepsi
Agro,pepsi,,
pepsi,pepsi,,
Agro,pepsi,,
Agro,Agro,,
pepsi,pepsi,,
Agro,pepsi,,
pepsi,pepsi,,
pepsi,pepsi,,
Agro,pepsi,,
pepsi,pepsi,,
Agro,pepsi,pepsi,
pepsi,pepsi,,
Agro,pepsi,,
pepsi,Agro,,
pepsi,pepsi,,
pepsi,pepsi,,
pepsi,pepsi,pepsi,
pepsi,Agro,,
pepsi,pepsi,Agro,
pepsi,Agro,,
pepsi,pepsi,,
pepsi,pepsi,,
pepsi,Agro,,
pepsi,Agro,,
Agro,Agro,,
Agro,Agro,,
pepsi,pepsi,,
pepsi,pepsi,,
pepsi,pepsi,,
pepsi,Agro,,
pepsi,pepsi,,
pepsi,Agro,,
pepsi,pepsi,,
pepsi,pepsi,,
pepsi,pepsi,pepsi,
pepsi,pepsi,pepsi,pepsi
pepsi,pepsi,,
pepsi,pepsi,,
pepsi,pepsi,,
pepsi,Agro,pepsi,Agro
pepsi,pepsi,,
pepsi,pepsi,,
pepsi,pepsi,pepsi,Agro
pepsi,Agro,,
pepsi,Agro,pepsi,
pepsi,pepsi,,
pepsi,pepsi,,
pepsi,Agro,,
pepsi,pepsi,,
pepsi,pepsi,pepsi,
pepsi,pepsi,pepsi,pepsi
pepsi,Agro,,
pepsi,pepsi,pepsi,
Agro,Agro,,
Agro,Agro,,
Agro,pepsi,pepsi,pepsi
pepsi,pepsi,,
pepsi,pepsi,,
pepsi,pepsi,,
Agro,Agro,,
pepsi,pepsi,,
pepsi,pepsi,,
pepsi,pepsi,,
Agro,pepsi,,
pepsi,pepsi,,
Agro,Agro,,
pepsi,pepsi,Agro,
pepsi,pepsi,pepsi,
Agro,pepsi,,
pepsi,pepsi,,
pepsi,pepsi,pepsi,
Agro,Agro,,
pepsi,Agro,,
Agro,pepsi,pepsi,
Agro,pepsi,,
pepsi,pepsi,,
pepsi,Agro,,
pepsi,pepsi,pepsi,
pepsi,pepsi,,
pepsi,pepsi,,
Agro,pepsi,,
Agro,pepsi,,
pepsi,pepsi,,
pepsi,pepsi,pepsi,
pepsi,pepsi,,
pepsi,Agro,,
Agro,pepsi,pepsi,pepsi
pepsi,pepsi,,
Agro,Agro,,
pepsi,pepsi,,
pepsi,Agro,,
pepsi,pepsi,,
pepsi,pepsi,,
Agro,pepsi,,
pepsi,pepsi,pepsi,pepsi
Agro,pepsi,,
Agro,pepsi,,
pepsi,Agro,,
pepsi,Agro,,
pepsi,pepsi,,
Agro,Agro,pepsi,
pepsi,pepsi,,
pepsi,pepsi,,
pepsi,pepsi,pepsi,
pepsi,pepsi,,
pepsi,pepsi,,
pepsi,pepsi,,
pepsi,Agro,,
pepsi,pepsi,pepsi,
pepsi,Agro,,
pepsi,pepsi,,
Agro,pepsi,pepsi,pepsi
pepsi,pepsi,,
pepsi,Agro,,
pepsi,Agro,,
pepsi,pepsi,pepsi,
Agro,pepsi,smallhans,
pepsi,Agro,,
Agro,Agro,,
pepsi,pepsi,Agro,
pepsi,pepsi,,
pepsi,pepsi,pepsi,Agro
pepsi,pepsi,pepsi,pepsi
Agro,pepsi,,
pepsi,pepsi,pepsi,
pepsi,Agro,,
pepsi,pepsi,,
pepsi,pepsi,,
pepsi,pepsi,pepsi,pepsi
pepsi,pepsi,pepsi,pepsi
pepsi,Agro,,
pepsi,pepsi,,
pepsi,pepsi,,
pepsi,Agro,,
pepsi,pepsi,,
pepsi,pepsi,,
pepsi,pepsi,pepsi,
pepsi,pepsi,,
pepsi,pepsi,,
pepsi,pepsi,Agro,
pepsi,pepsi,,
pepsi,Agro,,
pepsi,Agro,,
pepsi,Agro,,
pepsi,pepsi,,
pepsi,pepsi,,
pepsi,pepsi,,
pepsi,pepsi,,
pepsi,pepsi,,
pepsi,pepsi,,
Agro,Agro,,
pepsi,pepsi,,
Agro,Agro,,
pepsi,pepsi,,
Agro,pepsi,,
Agro,pepsi,pepsi,
pepsi,pepsi,Agro,
pepsi,pepsi,,
pepsi,pepsi,,
pepsi,pepsi,,
pepsi,pepsi,,
pepsi,pepsi,,
pepsi,smallhans,,
pepsi,Agro,,
Agro,Agro,pepsi,
pepsi,pepsi,,
pepsi,pepsi,,
pepsi,pepsi,,
pepsi,pepsi,,
pepsi,pepsi,Agro,Agro
pepsi,pepsi,pepsi,
pepsi,pepsi,,
pepsi,pepsi,pepsi,pepsi
pepsi,pepsi,,
pepsi,pepsi,pepsi,
Agro,Agro,,
pepsi,pepsi,,
pepsi,pepsi,,
pepsi,pepsi,,
Agro,pepsi,,
pepsi,pepsi,,
pepsi,pepsi,,
pepsi,pepsi,pepsi,pepsi
pepsi,pepsi,,
pepsi,pepsi,,
Agro,pepsi,,
Agro,pepsi,,
pepsi,pepsi,,
Agro,Agro,,
pepsi,Agro,,
pepsi,pepsi,,
Agro,Agro,,
pepsi,pepsi,pepsi,
pepsi,pepsi,,
pepsi,pepsi,Agro,
pepsi,pepsi,,
pepsi,pepsi,,
pepsi,pepsi,pepsi,
pepsi,pepsi,pepsi,
pepsi,pepsi,,
Agro,pepsi,,
pepsi,pepsi,,
pepsi,pepsi,,
Agro,Agro,pepsi,
pepsi,pepsi,pepsi,pepsi
pepsi,pepsi,,
pepsi,pepsi,,
pepsi,Agro,Agro,
Agro,pepsi,,
pepsi,pepsi,pepsi,
pepsi,pepsi,,
pepsi,pepsi,,
pepsi,pepsi,,
pepsi,pepsi,,
pepsi,pepsi,,
Agro,Agro,,
pepsi,pepsi,pepsi,
pepsi,pepsi,,
pepsi,Agro,pepsi,
pepsi,pepsi,,
pepsi,pepsi,pepsi,pepsi
pepsi,pepsi,Agro,
pepsi,Agro,Agro,
pepsi,pepsi,,
pepsi,pepsi,,
pepsi,pepsi,,
Agro,Agro,Agro,
pepsi,pepsi,,
pepsi,pepsi,pepsi,
pepsi,pepsi,,
Agro,pepsi,pepsi,pepsi
pepsi,Agro,,
pepsi,pepsi,,
pepsi,pepsi,,
